{
  "project_info": {
    "project_number": "235238179325",
    "project_id": "attendance-72648",
    "storage_bucket": "attendance-72648.appspot.com"
  },
  "client": [
    {
      "client_info": {
        "mobilesdk_app_id": "1:235238179325:android:260ea4e77c5b1f52e2d994",
        "android_client_info": {
          "package_name": "com.example.attendance"
        }
      },
      "oauth_client": [
        {
          "client_id": "235238179325-flrdrk6j4gvn3rsddps8jpkitsm8dukp.apps.googleusercontent.com",
          "client_type": 3
        }
      ],
      "api_key": [
        {
          "current_key": "AIzaSyBri36JQLGsxXjEfZk3sHICm98RAvI2Wxk"
        }
      ],
      "services": {
        "appinvite_service": {
          "other_platform_oauth_client": [
            {
              "client_id": "235238179325-flrdrk6j4gvn3rsddps8jpkitsm8dukp.apps.googleusercontent.com",
              "client_type": 3
            }
          ]
        }
      }
    }
  ],
  "configuration_version": "1"
}